<?xml version="1.0" encoding="utf-8"?>
<extension version="4.0" type="plugin" group="system" method="upgrade">
	<name>System - Screen Reader</name>
	<author>Joomla! Extensions Store</author>
	<creationDate>2023-10-01</creationDate>
	<copyright>Copyright (C) 2021 - Joomla! Extensions Store. All Rights Reserved.</copyright>
	<license>http://www.gnu.org/licenses/gpl-2.0.html GNU/GPL</license>
	<authorEmail>info@storejextensions.org</authorEmail>
	<authorUrl>http://storejextensions.org</authorUrl>
	<version>3.34</version>
	<description>PLG_SCREENREADER_DESCRIPTION</description>
	
	<scriptfile>installscript.php</scriptfile> 
	
	<files>
		<filename plugin="screenreader">screenreader.php</filename>
		<filename>installscript.php</filename>
		<filename>index.html</filename>
		<folder>screenreader</folder>
		<folder>css</folder>
	</files>
	<languages folder="language">
		<language tag="en-GB">en-GB/plg_system_screenreader.ini</language>
		<language tag="en-GB">en-GB/plg_system_screenreader.sys.ini</language>
	</languages>
	<config>
		<fields name="params">
			<fieldset name="mainsettings" label="PLG_SCREENREADER_MAIN_SETTINGS" addfieldpath="/plugins/system/screenreader/screenreader/libraries/fields">
				<field name="@spacer1m" class="badge bg-primary spacer" type="spacer" label="PLG_SCREENREADER_CONFIGURATION_SETTINGS" />
				<field name="registration_email" type="text" default="" size="30" label="PLG_SCREENREADER_EMAIL_REGISTRATION" description="PLG_SCREENREADER_EMAIL_REGISTRATION_DESC" />

				<field name="read_page" type="list" default="1" label="PLG_SCREENREADER_READER_MODE" description="PLG_SCREENREADER_READER_MODE_DESC">
					<option value="0">PLG_SCREENREADER_SELECTED_TEXT_ONLY</option>
					<option value="1">PLG_SCREENREADER_MAINPAGE_PART_AND_SELECTED_TEXT</option>
				</field>
				<field name="read_child_nodes" type="radio" layout="joomla.form.field.radio.switcher" default="1" label="PLG_SCREENREADER_READER_CHILD_NODES" description="PLG_SCREENREADER_READER_CHILD_NODES_DESC">
					<option value="0">JNO</option>
					<option value="1">JYES</option>
				</field>
				<field name="exclude_scripts" type="radio" layout="joomla.form.field.radio.switcher" default="1" label="PLG_SCREENREADER_READER_EXCLUDE_SCRIPTS" description="PLG_SCREENREADER_READER_EXCLUDE_SCRIPTS_DESC">
					<option value="0">JNO</option>
					<option value="1">JYES</option>
				</field>
				<field name="read_images" type="radio" layout="joomla.form.field.radio.switcher" default="0" label="PLG_SCREENREADER_READER_READ_IMAGES" description="PLG_SCREENREADER_READER_READ_IMAGES_DESC">
					<option value="0">JNO</option>
					<option value="1">JYES</option>
				</field>
				<field name="read_images_ordering" type="list" default="before" label="PLG_SCREENREADER_READER_READ_IMAGES_ORDERING" description="PLG_SCREENREADER_READER_READ_IMAGES_ORDERING_DESC">
					<option value="before">PLG_SCREENREADER_READER_BEFORE</option>
					<option value="after">PLG_SCREENREADER_READER_AFTER</option>
				</field>
				<field name="read_images_hovering" type="radio" layout="joomla.form.field.radio.switcher" default="0" label="PLG_SCREENREADER_READER_READ_IMAGES_HOVERING" description="PLG_SCREENREADER_READER_READ_IMAGES_HOVERING_DESC">
					<option value="0">JNO</option>
					<option value="1">JYES</option>
				</field>
				<field name="read_images_attribute" type="list" default="alt" label="PLG_SCREENREADER_READER_READ_IMAGES_ATTRIBUTE" description="PLG_SCREENREADER_READER_READ_IMAGES_ATTRIBUTE_DESC">
					<option value="alt">PLG_SCREENREADER_READER_ALT</option>
					<option value="title">PLG_SCREENREADER_READER_TITLE</option>
				</field>
				
				<field name="mainpage_selector" type="text" default="*[name*=main], *[class*=main], *[id*=main], *[id*=container], *[class*=container]" size="100" label="PLG_SCREENREADER_MAINPAGE_SELECTOR" description="PLG_SCREENREADER_MAINPAGE_SELECTOR_DESC" />

				<field name="select_mainpagearea_text" type="radio" layout="joomla.form.field.radio.switcher" default="0" label="PLG_SCREENREADER_SELECT_MAINPAGEAREA_TEXT" description="PLG_SCREENREADER_SELECT_MAINPAGEAREA_TEXT_DESC">
					<option value="0">JNO</option>
					<option value="1">JYES</option>
				</field>
				
				<field name="chunksize" type="list" default="300" label="PLG_SCREENREADER_CHUNKSIZE" description="PLG_SCREENREADER_CHUNKSIZE_DESC">
					<option value="20">20</option>
					<option value="40">40</option>
					<option value="60">60</option>
					<option value="80">80</option>
					<option value="90">90</option>
					<option value="100">100</option>
					<option value="120">120</option>
					<option value="140">140</option>
					<option value="160">160</option>
					<option value="180">180</option>
					<option value="200">200</option>
					<option value="220">220</option>
					<option value="240">240</option>
					<option value="260">260</option>
					<option value="280">280</option>
					<option value="300">300</option>
					<option value="400">400</option>
					<option value="500">500</option>
					<option value="600">600</option>
					<option value="700">700</option>
					<option value="800">800</option>
					<option value="900">900</option>
					<option value="1000">1000</option>
				</field>
				
				<field name="gtranslate_integration" type="radio" layout="joomla.form.field.radio.switcher" default="0" label="PLG_SCREENREADER_GTRANSLATE_INTEGRATION" description="PLG_SCREENREADER_GTRANSLATE_INTEGRATION_DESC">
					<option value="0">JNO</option>
					<option value="1">JYES</option>
				</field>
				
				<field name="read_elements_hovering" type="radio" layout="joomla.form.field.radio.switcher" default="0" label="PLG_SCREENREADER_READ_ELEMENTS_HOVERING" description="PLG_SCREENREADER_READ_ELEMENTS_HOVERING_DESC">
					<option value="0">JNO</option>
					<option value="1">JYES</option>
				</field>
				<field name="elements_hovering_selector" type="text" default="p" size="100" label="PLG_SCREENREADER_ELEMENTS_HOVERING_SELECTOR" description="PLG_SCREENREADER_ELEMENTS_HOVERING_SELECTOR_DESC" />
				
				<field name="@spacer1a" class="badge bg-primary spacer" type="spacer" label="PLG_SCREENREADER_AUDIO_SETTINGS" />
				<field name="volume_tts" type="list" default="80" label="PLG_SCREENREADER_VOLUME" description="PLG_SCREENREADER_VOLUME_DESC">
					<option value="20">20%</option>
					<option value="40">40%</option>
					<option value="60">60%</option>
					<option value="80">80%</option>
					<option value="100">100%</option>
				</field>
				<field name="voice_speed" type="list" default="normal" label="PLG_SCREENREADER_VOICE_SPEED" description="PLG_SCREENREADER_VOICE_SPEED_DESC">
					<option value="veryslow">PLG_SCREENREADER_VOICE_SPEED_VERYSLOW</option>
					<option value="slow">PLG_SCREENREADER_VOICE_SPEED_SLOW</option>
					<option value="normal">PLG_SCREENREADER_VOICE_SPEED_NORMAL</option>
					<option value="fast">PLG_SCREENREADER_VOICE_SPEED_FAST</option>
					<option value="veryfast">PLG_SCREENREADER_VOICE_SPEED_VERYFAST</option>
				</field>
				<field name="reader_engine" type="list" default="proxy_responsive" label="PLG_SCREENREADER_READER_ENGINE" description="PLG_SCREENREADER_READER_ENGINE_DESC">
					<option value="proxy_responsive">PLG_SCREENREADER_READER_ENGINE_RESPONSIVEVOICE</option>
					<option value="proxy">PLG_SCREENREADER_READER_ENGINE_GOOGLE</option>
					<option value="proxy_virtual_free">PLG_SCREENREADER_READER_ENGINE_VIRTUALSPEAKER_FREE</option>
					<option value="proxy_ispeech">PLG_SCREENREADER_READER_ENGINE_ISPEECH</option>
					<option value="proxy_inforobo">PLG_SCREENREADER_READER_ENGINE_INFOROBO</option>
					<option value="proxy_texttomp3">PLG_SCREENREADER_READER_ENGINE_TEXTTOMP3</option>
					<option value="proxy_ttsmp3">PLG_SCREENREADER_READER_ENGINE_TTSMP3</option>
				</field>
				<field name="engine_google_token_mode" type="list" default="0" label="PLG_SCREENREADER_RESPONSIVEVOICE_GOOGLE_TOKEN_MODE" description="PLG_SCREENREADER_RESPONSIVEVOICE_GOOGLE_TOKEN_MODE_DESC">
					<option value="0">PLG_SCREENREADER_READER_ENGINE_GOOGLE_STATIC</option>
					<option value="1">PLG_SCREENREADER_READER_ENGINE_GOOGLE_DYNAMIC</option>
				</field>
				<field name="reader_connection_usesockets" type="radio" layout="joomla.form.field.radio.switcher" default="1" label="PLG_SCREENREADER_RESPONSIVEVOICE_READER_CONNECTION_USESOCKETS" description="PLG_SCREENREADER_RESPONSIVEVOICE_READER_CONNECTION_USESOCKETS_DESC">
					<option value="0">JNO</option>
					<option value="1">JYES</option>
				</field>
				<field name="excluded_languages" type="languagemultiselect" multiple="multiple" client="site" default="" label="PLG_SCREENREADER_EXCLUDE_LANGUAGES" description="PLG_SCREENREADER_EXCLUDE_LANGUAGES_DESC"/>
				
				<field name="use_mobile_reader_engine" type="radio" default="0" layout="joomla.form.field.radio.switcher" label="PLG_SCREENREADER_USE_MOBILE_READER_ENGINE" description="PLG_SCREENREADER_USE_MOBILE_READER_ENGINE_DESC">
					<option value="0">JNO</option>
					<option value="1">JYES</option>
				</field>
				<field name="mobile_reader_engine" type="list" default="proxy_responsive" label="PLG_SCREENREADER_MOBILE_READER_ENGINE" description="PLG_SCREENREADER_MOBILE_READER_ENGINE_DESC">
					<option value="proxy_responsive">PLG_SCREENREADER_READER_ENGINE_RESPONSIVEVOICE</option>
					<option value="proxy">PLG_SCREENREADER_READER_ENGINE_GOOGLE</option>
					<option value="proxy_virtual_free">PLG_SCREENREADER_READER_ENGINE_VIRTUALSPEAKER_FREE</option>
					<option value="proxy_ispeech">PLG_SCREENREADER_READER_ENGINE_ISPEECH</option>
					<option value="proxy_inforobo">PLG_SCREENREADER_READER_ENGINE_INFOROBO</option>
					<option value="proxy_texttomp3">PLG_SCREENREADER_READER_ENGINE_TEXTTOMP3</option>
					<option value="proxy_ttsmp3">PLG_SCREENREADER_READER_ENGINE_TTSMP3</option>
				</field>
				
				<field name="proxy_responsive_apikey" type="text" default="kWyXm5dC" size="30" label="PLG_SCREENREADER_RESPONSIVE_APIKEY" description="PLG_SCREENREADER_RESPONSIVE_APIKEY_DESC" />
				<field name="proxy_responsive_language_gender" type="list" default="auto" label="PLG_SCREENREADER_RESPONSIVE_LANGUAGE_GENDER" description="PLG_SCREENREADER_RESPONSIVE_LANGUAGE_GENDER_DESC">
					<option value="auto">PLG_SCREENREADER_RESPONSIVE_LANGUAGE_GENDER_AUTO</option>
					<option value="male">PLG_SCREENREADER_RESPONSIVE_LANGUAGE_GENDER_MALE</option>
					<option value="female">PLG_SCREENREADER_RESPONSIVE_LANGUAGE_GENDER_FEMALE</option>
				</field>
				<field name="proxy_responsive_loading_script" type="list" default="0" label="PLG_SCREENREADER_RESPONSIVE_LOADING_SCRIPT" description="PLG_SCREENREADER_RESPONSIVE_LOADING_SCRIPT_DESC">
					<option value="0">PLG_SCREENREADER_RESPONSIVE_LOADING_SCRIPT_LOCAL</option>
					<option value="1">PLG_SCREENREADER_RESPONSIVE_LOADING_SCRIPT_REMOTE</option>
				</field>
			</fieldset>
			
			<fieldset name="features" label="PLG_SCREENREADER_FEATURES" addfieldpath="/plugins/system/screenreader/screenreader/libraries/fields">
				<field name="@spacer2" class="badge bg-primary spacer" type="spacer" label="PLG_SCREENREADER_APPEARANCE" />
				<field name="showlabel" type="radio" layout="joomla.form.field.radio.switcher" default="1" label="PLG_SCREENREADER_SHOWLABEL" description="PLG_SCREENREADER_SHOWLABEL_DESC">
					<option value="0">JNO</option>
					<option value="1">JYES</option>
				</field>
				<field name="labeltext" type="text" default="Screen Reader" size="30" label="PLG_SCREENREADER_LABEL_TEXT" description="PLG_SCREENREADER_LABEL_TEXT_DESC" />
				<field name="labelwidth" type="text" default="80" size="30" label="PLG_SCREENREADER_LABEL_WIDTH" description="PLG_SCREENREADER_LABEL_WIDTH_DESC" />
				<field name="screenreader_icon" type="list" default="audio" label="PLG_SCREENREADER_ICON" description="PLG_SCREENREADER_ICON_DESC">
					<option value="audio">PLG_SCREENREADER_ICON_AUDIO</option>
					<option value="wheelchair">PLG_SCREENREADER_ICON_WHEELCHAIR</option>
					<option value="custom">PLG_SCREENREADER_ICON_CUSTOM</option>
				</field>
				<field name="screenreader_icon_custom" type="media" label="PLG_SCREENREADER_ICON_CUSTOM" description="PLG_SCREENREADER_ICON_CUSTOM_DESC"/>
				
				<field name="screenreader" type="radio" layout="joomla.form.field.radio.switcher" default="1" label="PLG_SCREENREADER_SCREENREADER" description="PLG_SCREENREADER_SCREENREADER_DESC">
					<option value="0">JNO</option>
					<option value="1">JYES</option>
				</field>
				<field name="fontsize" type="radio" layout="joomla.form.field.radio.switcher" default="1" label="PLG_SCREENREADER_FONTSIZE" description="PLG_SCREENREADER_FONTSIZE_DESC">
					<option value="0">JNO</option>
					<option value="1">JYES</option>
				</field>
				<field name="font_size_default" type="text" default="80" size="30" label="PLG_SCREENREADER_FONTSIZE_DEFAULT" description="PLG_SCREENREADER_FONTSIZE_DEFAULT_DESC" />
				<field name="font_size_min" type="text" default="50" size="30" label="PLG_SCREENREADER_FONTSIZE_MINVAL" description="PLG_SCREENREADER_FONTSIZE_MINVAL_DESC" />
				<field name="font_size_max" type="text" default="200" size="30" label="PLG_SCREENREADER_FONTSIZE_MAXVAL" description="PLG_SCREENREADER_FONTSIZE_MAXVAL_DESC" />
				<field name="fontsize_selector" type="text" default="" size="100" label="PLG_SCREENREADER_FONTSIZE_SELECTOR" description="PLG_SCREENREADER_FONTSIZE_SELECTOR_DESC" />
				<field name="fontsize_headers_increment" type="text" default="20" size="30" label="PLG_SCREENREADER_FONTSIZE_HEADERS_INCREMENENT" description="PLG_SCREENREADER_FONTSIZE_HEADERS_INCREMENENT_DESC" />
				
				<field name="highcontrast" type="radio" layout="joomla.form.field.radio.switcher" default="1" label="PLG_SCREENREADER_HIGHCONTRAST" description="PLG_SCREENREADER_HIGHCONTRAST_DESC">
					<option value="0">JNO</option>
					<option value="1">JYES</option>
				</field>
				<field name="highcontrast_alternate" type="radio" layout="joomla.form.field.radio.switcher" default="1" label="PLG_SCREENREADER_HIGHCONTRAST_ALTERNATE" description="PLG_SCREENREADER_HIGHCONTRAST_ALTERNATE_DESC">
					<option value="0">JNO</option>
					<option value="1">JYES</option>
				</field>
				<field name="highcontrast_alternate_color_hue" type="list" default="180" label="PLG_SCREENREADER_HIGHCONTRAST_ALTERNATE_COLOR_HUE" description="PLG_SCREENREADER_HIGHCONTRAST_ALTERNATE_COLOR_HUE_DESC">
					<option value="45">PLG_SCREENREADER_FONTSIZE_VERYLOW</option>
					<option value="90">PLG_SCREENREADER_FONTSIZE_LOW</option>
					<option value="180">PLG_SCREENREADER_FONTSIZE_MEDIUM</option>
					<option value="225">PLG_SCREENREADER_FONTSIZE_AVERAGE</option>
					<option value="270">PLG_SCREENREADER_FONTSIZE_HIGH</option>
					<option value="305">PLG_SCREENREADER_FONTSIZE_VERYHIGH</option>
				</field>
				<field name="highcontrast_alternate_color_brightness" type="list" default="6" label="PLG_SCREENREADER_HIGHCONTRAST_ALTERNATE_BRIGHTNESS" description="PLG_SCREENREADER_HIGHCONTRAST_ALTERNATE_BRIGHTNESS_DESC">
					<option value="1">PLG_SCREENREADER_FONTSIZE_MINIMUM</option>
					<option value="2">PLG_SCREENREADER_FONTSIZE_VERYLOW</option>
					<option value="4">PLG_SCREENREADER_FONTSIZE_LOW</option>
					<option value="6">PLG_SCREENREADER_FONTSIZE_AVERAGE</option>
					<option value="8">PLG_SCREENREADER_FONTSIZE_HIGH</option>
					<option value="10">PLG_SCREENREADER_FONTSIZE_VERYHIGH</option>
				</field>
				<field name="highcontrast_root_target" type="radio" layout="joomla.form.field.radio.switcher" default="0" label="PLG_SCREENREADER_HIGHCONTRAST_ROOT_TARGET" description="PLG_SCREENREADER_HIGHCONTRAST_ROOT_TARGET_DESC">
					<option value="0">JNO</option>
					<option value="1">JYES</option>
				</field>
				<field name="dyslexic_font" type="radio" layout="joomla.form.field.radio.switcher" default="0" label="PLG_SCREENREADER_DYSLEXIC_FONT" description="PLG_SCREENREADER_DYSLEXIC_FONT_DESC">
					<option value="0">JNO</option>
					<option value="1">JYES</option>
				</field>
				<field name="gray_hues" type="radio" layout="joomla.form.field.radio.switcher" default="0" label="PLG_SCREENREADER_GRAY_HUES" description="PLG_SCREENREADER_GRAY_HUES_DESC">
					<option value="0">JNO</option>
					<option value="1">JYES</option>
				</field>
				<field name="spacing_size" type="radio" layout="joomla.form.field.radio.switcher" default="0" label="PLG_SCREENREADER_SPACING_SIZE" description="PLG_SCREENREADER_SPACING_SIZE_DESC">
					<option value="0">JNO</option>
					<option value="1">JYES</option>
				</field>
				<field name="spacing_size_min" type="text" default="0" label="PLG_SCREENREADER_SPACING_SIZE_MINVAL" description="PLG_SCREENREADER_SPACING_SIZE_MINVAL_DESC" />
				<field name="spacing_size_max" type="text" default="10" label="PLG_SCREENREADER_SPACING_SIZE_MAXVAL" description="PLG_SCREENREADER_SPACING_SIZE_MAXVAL_DESC" />
				<field name="big_cursor" type="radio" layout="joomla.form.field.radio.switcher" default="0" label="PLG_SCREENREADER_BIG_CURSOR" description="PLG_SCREENREADER_BIG_CURSOR_DESC">
					<option value="0">JNO</option>
					<option value="1">JYES</option>
				</field>
				<field name="reading_guides" type="radio" layout="joomla.form.field.radio.switcher" default="0" label="PLG_SCREENREADER_READING_GUIDES" description="PLG_SCREENREADER_READING_GUIDES_DESC">
					<option value="0">JNO</option>
					<option value="1">JYES</option>
				</field>
				<field name="readability" type="radio" layout="joomla.form.field.radio.switcher" default="0" label="PLG_SCREENREADER_READABILITY" description="PLG_SCREENREADER_READABILITY_DESC">
					<option value="0">JNO</option>
					<option value="1">JYES</option>
				</field>
				<field name="readability_selector" type="text" default="div.item-page,#content,div[itemprop=articleBody],div.item-content" size="100" label="PLG_SCREENREADER_READABILITY_SELECTOR" description="PLG_SCREENREADER_READABILITY_SELECTOR_DESC" />
				<field name="customcolors" type="radio" layout="joomla.form.field.radio.switcher" default="0" showon="template:accessible.css" label="PLG_SCREENREADER_CUSTOMCOLORS" description="PLG_SCREENREADER_CUSTOMCOLORS_DESC">
					<option value="0">JNO</option>
					<option value="1">JYES</option>
				</field>
				<field name="customcolors_cssselectors" type="text" default="" size="100" showon="template:accessible.css" label="PLG_SCREENREADER_CUSTOMCOLORS_SELECTOR" description="PLG_SCREENREADER_CUSTOMCOLORS_SELECTOR_DESC" />
				<field name="hide_images" type="radio" layout="joomla.form.field.radio.switcher" default="0" label="PLG_SCREENREADER_HIDEIMAGES" description="PLG_SCREENREADER_HIDEIMAGES_DESC">
					<option value="0">JNO</option>
					<option value="1">JYES</option>
				</field>
				<field name="hide_also_videos_iframes" type="radio" layout="joomla.form.field.radio.switcher" default="0" showon="hide_images:1" label="PLG_SCREENREADER_HIDE_ALSO_VIDEOS_IFRAMES" description="PLG_SCREENREADER_HIDE_ALSO_VIDEOS_IFRAMES_DESC">
					<option value="0">JNO</option>
					<option value="1">JYES</option>
				</field>
				
				<field name="corner_position" type="list" default="bottomright" label="PLG_SCREENREADER_POSITION_CORNER" description="PLG_SCREENREADER_POSITION_CORNER_DESC">
					<option value="topright">PLG_SCREENREADER_TOP_RIGHT</option>
					<option value="bottomright">PLG_SCREENREADER_BOTTOM_RIGHT</option>
					<option value="topleft">PLG_SCREENREADER_TOP_LEFT</option>
					<option value="bottomleft">PLG_SCREENREADER_BOTTOM_LEFT</option>
				</field>

				<field name="template" type="list" default="accessible.css" label="PLG_SCREENREADER_TEMPLATE_BUTTONS" description="PLG_SCREENREADER_TEMPLATE_BUTTONS_DESC">
					<option value="accessible.css">PLG_SCREENREADER_ACCESSIBLE_TEMPLATE</option>
					<option value="main.css">PLG_SCREENREADER_MAIN_TEMPLATE</option>
					<option value="elegant.css">PLG_SCREENREADER_ELEGANT_TEMPLATE</option>
					<option value="awesome.css">PLG_SCREENREADER_AWESOME_TEMPLATE</option>
					<option value="custom.css">PLG_SCREENREADER_CUSTOM_TEMPLATE</option>
				</field>
				<field name="template_orientation" type="list" default="vertical" label="PLG_SCREENREADER_TEMPLATE_ORIENTATION" description="PLG_SCREENREADER_TEMPLATE_ORIENTATION_DESC">
					<option value="horizontal">PLG_SCREENREADER_ORIENTATION_HORIZONTAL</option>
					<option value="vertical">PLG_SCREENREADER_ORIENTATION_VERTICAL</option>
				</field>

				<field name="toolbar_bgcolor" type="color" default="#EEE" label="PLG_SCREENREADER_BGCOLOR" description="PLG_SCREENREADER_BGCOLOR_DESC" />

				<field name="toolbar_border_radius" type="text" default="0" label="PLG_SCREENREADER_TOOLBAR_BORDER_RADIUS" description="PLG_SCREENREADER_TOOLBAR_BORDER_RADIUS_DESC" />

				<field name="scrolling" type="list" default="fixed" label="PLG_SCREENREADER_SCROLLING" description="PLG_SCREENREADER_SCROLLING_DESC">
					<option value="fixed">PLG_SCREENREADER_FIXED_IMAGE</option>
					<option value="absolute">PLG_SCREENREADER_SCROLLING_IMAGE</option>
					<option value="relative">PLG_SCREENREADER_RELATIVE_IMAGE</option>
				</field>
				
				<field name="target_appendto" type="text" default="html" size="30" label="PLG_SCREENREADER_TARGET_APPENDTO" description="PLG_SCREENREADER_TARGET_APPENDTO_DESC" />
					
				<field name="target_append_mode" type="list" default="bottom" label="PLG_SCREENREADER_TARGET_APPENDTO_MODE" description="PLG_SCREENREADER_TARGET_APPENDTO_MODE_DESC">
					<option value="top">PLG_SCREENREADER_TARGET_APPENDTO_MODE_TOP</option>
					<option value="bottom">PLG_SCREENREADER_TARGET_APPENDTO_MODE_BOTTOM</option>
				</field>
				<field name="use_minimized_toolbar" type="radio" default="1" layout="joomla.form.field.radio.switcher" label="PLG_SCREENREADER_USEMINIMIZEDTOOLBAR" description="PLG_SCREENREADER_USEMINIMIZEDTOOLBAR_DESC">
					<option value="0">JNO</option>
					<option value="1">JYES</option>
				</field>
				<field name="status_minimized_toolbar" type="list" default="closed" label="PLG_SCREENREADER_STATUSMINIMIZEDTOOLBAR" description="PLG_SCREENREADER_STATUSMINIMIZEDTOOLBAR_DESC">
					<option value="closed">PLG_SCREENREADER_STATUSMINIMIZEDTOOLBAR_CLOSED</option>
					<option value="open">PLG_SCREENREADER_STATUSMINIMIZEDTOOLBAR_OPEN</option>
				</field>
				<field name="minimized_toolbar_only_mobile" type="radio" default="0" layout="joomla.form.field.radio.switcher" label="PLG_SCREENREADER_MINIMIZED_TOOLBAR_ONLY_MOBILE" description="PLG_SCREENREADER_MINIMIZED_TOOLBAR_ONLY_MOBILE_DESC">
					<option value="0">JNO</option>
					<option value="1">JYES</option>
				</field>
				<field name="fontsize_minimized_toolbar" type="radio" default="0" layout="joomla.form.field.radio.switcher" label="PLG_SCREENREADER_FONTSIZE_MINIMIZED_TOOLBAR" description="PLG_SCREENREADER_FONTSIZE_MINIMIZED_TOOLBAR_DESC">
					<option value="0">JNO</option>
					<option value="1">JYES</option>
				</field>
				<field name="hover_minimized_toolbar" type="radio" default="0" layout="joomla.form.field.radio.switcher" label="PLG_SCREENREADER_HOVER_MINIMIZED_TOOLBAR" description="PLG_SCREENREADER_HOVER_MINIMIZED_TOOLBAR_DESC">
					<option value="0">JNO</option>
					<option value="1">JYES</option>
				</field>
				<field name="hide_on_mobile" type="radio" default="0" layout="joomla.form.field.radio.switcher" label="PLG_SCREENREADER_HIDEONMOBILE" description="PLG_SCREENREADER_HIDEONMOBILE_DESC">
					<option value="0">JNO</option>
					<option value="1">JYES</option>
				</field>
			</fieldset>
			
			<fieldset name="accessibility" label="PLG_SCREENREADER_ACCESSIBILITY" addfieldpath="/plugins/system/screenreader/screenreader/libraries/fields">
				<field name="@spacer3" class="badge bg-primary spacer" type="spacer" label="ACCESSIBILITY_IMPROVEMENTS" />
				<field name="show_skip_to_contents" type="radio" default="0" layout="joomla.form.field.radio.switcher" label="PLG_SCREENREADER_SHOW_SKIP_TO_CONTENTS" description="PLG_SCREENREADER_SHOW_SKIP_TO_CONTENTS_DESC">
					<option value="0">JNO</option>
					<option value="1">JYES</option>
				</field>
				<field name="skiptocontents_selector" type="text" default="" size="100" label="PLG_SCREENREADER_SHOW_SKIP_TO_CONTENTS_SELECTOR" description="PLG_SCREENREADER_SHOW_SKIP_TO_CONTENTS_SELECTOR_DESC" />
				
				<field name="enable_focus_outline" type="radio" default="0" layout="joomla.form.field.radio.switcher" label="PLG_SCREENREADER_ENABLE_FOCUS_OUTLINE" description="PLG_SCREENREADER_ENABLE_FOCUS_OUTLINE_DESC">
					<option value="0">JNO</option>
					<option value="1">JYES</option>
				</field>
				<field name="enable_focus_outline_color" type="color" default="#F00" label="PLG_SCREENREADER_ENABLE_FOCUS_OUTLINE_COLOR" description="PLG_SCREENREADER_ENABLE_FOCUS_OUTLINE_COLOR_DESC" />
				<field name="enable_focus_outline_bordersize" type="list" default="2px" label="PLG_SCREENREADER_ENABLE_FOCUS_OUTLINE_BORDERSIZE" description="PLG_SCREENREADER_ENABLE_FOCUS_OUTLINE_BORDERSIZE_DESC">
					<option value="1px">PLG_SCREENREADER_FOCUS_OUTLINE_BORDER_SIZE_1PX</option>
					<option value="2px">PLG_SCREENREADER_FOCUS_OUTLINE_BORDER_SIZE_2PX</option>
					<option value="3px">PLG_SCREENREADER_FOCUS_OUTLINE_BORDER_SIZE_3PX</option>
					<option value="4px">PLG_SCREENREADER_FOCUS_OUTLINE_BORDER_SIZE_4PX</option>
				</field>
				<field name="remove_links_target" type="radio" default="0" layout="joomla.form.field.radio.switcher" label="PLG_SCREENREADER_REMOVE_LINKS_TARGET" description="PLG_SCREENREADER_REMOVE_LINKS_TARGET_DESC">
					<option value="0">JNO</option>
					<option value="1">JYES</option>
				</field>
			</fieldset>
			
			<fieldset name="accesskeys" label="PLG_SCREENREADER_ACCESSKEYS_TAB" addfieldpath="/plugins/system/screenreader/screenreader/libraries/fields">
				<field name="@spacer4" class="badge bg-primary spacer" type="spacer" label="PLG_SCREENREADER_ACCESSKEYS" />
				<field name="accesskey_play" type="text" default="P" size="30" filter="cmd" maxlength="1" label="PLG_SCREENREADER_ACCESSKEY_PLAY" description="PLG_SCREENREADER_ACCESSKEY_DESC" />
				<field name="accesskey_pause" type="text" default="E" size="30" filter="cmd" maxlength="1" label="PLG_SCREENREADER_ACCESSKEY_PAUSE" description="PLG_SCREENREADER_ACCESSKEY_DESC" />
				<field name="accesskey_stop" type="text" default="S" size="30" filter="cmd" maxlength="1" label="PLG_SCREENREADER_ACCESSKEY_STOP" description="PLG_SCREENREADER_ACCESSKEY_DESC" />
				<field name="accesskey_increase" type="text" default="O" size="30" filter="cmd" maxlength="1" label="PLG_SCREENREADER_ACCESSKEY_INCREASE" description="PLG_SCREENREADER_ACCESSKEY_DESC" />
				<field name="accesskey_decrease" type="text" default="U" size="30" filter="cmd" maxlength="1" label="PLG_SCREENREADER_ACCESSKEY_DECREASE" description="PLG_SCREENREADER_ACCESSKEY_DESC" />
				<field name="accesskey_reset" type="text" default="R" size="30" filter="cmd" maxlength="1" label="PLG_SCREENREADER_ACCESSKEY_RESET" description="PLG_SCREENREADER_ACCESSKEY_DESC" />
				<field name="accesskey_highcontrast" type="text" default="H" size="30" filter="cmd" maxlength="1" label="PLG_SCREENREADER_ACCESSKEY_HIGHCONTRAST" description="PLG_SCREENREADER_ACCESSKEY_DESC" />
				<field name="accesskey_highcontrast2" type="text" default="J" size="30" filter="cmd" maxlength="1" label="PLG_SCREENREADER_ACCESSKEY_HIGHCONTRAST2" description="PLG_SCREENREADER_ACCESSKEY_DESC" />
				<field name="accesskey_highcontrast3" type="text" default="K" size="30" filter="cmd" maxlength="1" label="PLG_SCREENREADER_ACCESSKEY_HIGHCONTRAST3" description="PLG_SCREENREADER_ACCESSKEY_DESC" />
				<field name="accesskey_dyslexicfont" type="text" default="D" size="30" filter="cmd" maxlength="1" label="PLG_SCREENREADER_ACCESSKEY_DYSLEXICFONT" description="PLG_SCREENREADER_ACCESSKEY_DESC" />
				<field name="accesskey_grayhues" type="text" default="G" size="30" filter="cmd" maxlength="1" label="PLG_SCREENREADER_ACCESSKEY_GRAYHUES" description="PLG_SCREENREADER_ACCESSKEY_DESC" />
				<field name="accesskey_spacingsize_increase" type="text" default="M" size="30" filter="cmd" maxlength="1" label="PLG_SCREENREADER_ACCESSKEY_SPACINGSIZE_INCREASE" description="PLG_SCREENREADER_ACCESSKEY_DESC" />
				<field name="accesskey_spacingsize_decrease" type="text" default="N" size="30" filter="cmd" maxlength="1" label="PLG_SCREENREADER_ACCESSKEY_SPACINGSIZE_DECREASE" description="PLG_SCREENREADER_ACCESSKEY_DESC" />
				<field name="accesskey_bigcursor" type="text" default="W" size="30" filter="cmd" maxlength="1" label="PLG_SCREENREADER_ACCESSKEY_BIGCURSOR" description="PLG_SCREENREADER_ACCESSKEY_DESC" />
				<field name="accesskey_reading_guides" type="text" default="V" size="30" filter="cmd" maxlength="1" label="PLG_SCREENREADER_ACCESSKEY_READING_GUIDES" description="PLG_SCREENREADER_ACCESSKEY_DESC" />
				<field name="accesskey_readability" type="text" default="Q" size="30" filter="cmd" maxlength="1" label="PLG_SCREENREADER_ACCESSKEY_READABILITY" description="PLG_SCREENREADER_ACCESSKEY_DESC" />
				<field name="accesskey_hideimages" type="text" default="F" size="30" filter="cmd" maxlength="1" label="PLG_SCREENREADER_ACCESSKEY_HIDEIMAGES" description="PLG_SCREENREADER_ACCESSKEY_DESC" />
				<field name="accesskey_skiptocontents" type="text" default="C" size="30" filter="cmd" maxlength="1" label="PLG_SCREENREADER_ACCESSKEY_SKIPTOCONTENTS" description="PLG_SCREENREADER_ACCESSKEY_DESC" />
				<field name="accesskey_minimized" type="text" default="L" size="30" filter="cmd" maxlength="1" label="PLG_SCREENREADER_ACCESSKEY_MINIMIZED_TOOLBAR" description="PLG_SCREENREADER_ACCESSKEY_DESC" />
				<field name="accesskey_change_text_color" type="text" default="I" size="30" filter="cmd" maxlength="1" label="PLG_SCREENREADER_ACCESSKEY_CHANGE_TEXT_COLOR" description="PLG_SCREENREADER_ACCESSKEY_DESC" />
				<field name="accesskey_change_background_color" type="text" default="B" size="30" filter="cmd" maxlength="1" label="PLG_SCREENREADER_ACCESSKEY_CHANGE_BACKGROUND_COLOR" description="PLG_SCREENREADER_ACCESSKEY_DESC" />
				<field name="volume_accesskeys" type="radio" default="1" layout="joomla.form.field.radio.switcher" label="PLG_SCREENREADER_VOLUME_ACCESSKEYS" description="PLG_SCREENREADER_VOLUME_ACCESSKEYS_DESC">
					<option value="0">JNO</option>
					<option value="1">JYES</option>
				</field>
				<field name="accesskey_increase_volume" type="text" default="+" size="30" filter="cmd" maxlength="1" label="PLG_SCREENREADER_ACCESSKEY_INCREASE_VALUE" description="PLG_SCREENREADER_ACCESSKEY_DESC" />
				<field name="accesskey_decrease_volume" type="text" default="-" size="30" filter="cmd" maxlength="1" label="PLG_SCREENREADER_ACCESSKEY_DECREASE_VALUE" description="PLG_SCREENREADER_ACCESSKEY_DESC" />
			</fieldset>
			
			<fieldset name="advanced" label="PLG_SCREENREADER_ADVANCED" addfieldpath="/plugins/system/screenreader/screenreader/libraries/fields">
				<field name="@spacer5" class="badge bg-primary spacer" type="spacer" label="PLG_SCREENREADER_MISC" />
				<field name="screenreader_exclusions" type="menumultiselect" default="0" size="20" multiple="multiple" label="PLG_SCREENREADER_EXCLUSIONS" description="PLG_SCREENREADER_EXCLUSIONS_DESC" />
				<field name="auto_background_color" type="radio" default="1" layout="joomla.form.field.radio.switcher" label="PLG_SCREENREADER_AUTO_BACKGROUND_COLOR" description="PLG_SCREENREADER_AUTO_BACKGROUND_COLOR_DESC">
					<option value="0">JNO</option>
					<option value="1">JYES</option>
				</field>
				<field name="jquery_include" type="radio" default="1" layout="joomla.form.field.radio.switcher" label="PLG_SCREENREADER_JQUERY_INCLUDE" description="PLG_SCREENREADER_JQUERY_INCLUDE_DESC">
					<option value="0">JNO</option>
					<option value="1">JYES</option>
				</field>
				<field name="preload" type="radio" default="1" label="PLG_SCREENREADER_ENABLE_PRELOAD" layout="joomla.form.field.radio.switcher" description="PLG_SCREENREADER_ENABLE_PRELOAD_DESC">
					<option value="0">JNO</option>
					<option value="1">JYES</option>
				</field>
				<field name="preload_timeout" type="list" default="3000" label="PLG_SCREENREADER_PRELOAD_TIMEOUT" description="PLG_SCREENREADER_PRELOAD_TIMEOUT_DESC">
					<option value="1000">PLG_SCREENREADER_PRELOAD_TIMEOUT_1SECOND</option>
					<option value="2000">PLG_SCREENREADER_PRELOAD_TIMEOUT_2SECONDS</option>
					<option value="3000">PLG_SCREENREADER_PRELOAD_TIMEOUT_3SECONDS</option>
					<option value="4000">PLG_SCREENREADER_PRELOAD_TIMEOUT_4SECONDS</option>
					<option value="5000">PLG_SCREENREADER_PRELOAD_TIMEOUT_5SECONDS</option>
				</field>
				<field name="ie_highcontrast" type="radio" layout="joomla.form.field.radio.switcher" default="1" label="PLG_SCREENREADER_IE_HIGHCONTRAST_MODE" description="PLG_SCREENREADER_IE_HIGHCONTRAST_MODE_DESC">
					<option value="0">JNO</option>
					<option value="1">JYES</option>
				</field>
				<field name="ie_highcontrast_advanced" type="radio" layout="joomla.form.field.radio.switcher" default="1" label="PLG_SCREENREADER_IE_HIGHCONTRAST_ADVANCED" description="PLG_SCREENREADER_IE_HIGHCONTRAST_ADVANCED_DESC">
					<option value="0">JNO</option>
					<option value="1">JYES</option>
				</field>
				<field name="selected_storage" type="list" default="session" label="PLG_SCREENREADER_SELECTED_STORAGE" description="PLG_SCREENREADER_SELECTED_STORAGE_DESC">
					<option value="session">PLG_SCREENREADER_SELECTED_STORAGE_SESSION</option>
					<option value="local">PLG_SCREENREADER_SELECTED_STORAGE_LOCAL</option>
				</field>
				
				<field name="force_jquery_deferred" type="radio" default="0" layout="joomla.form.field.radio.switcher" label="PLG_SCREENREADER_FORCE_JQUERY_DEFERRED" description="PLG_SCREENREADER_FORCE_JQUERY_DEFERRED_DESC">
					<option value="0">JNO</option>
					<option value="1">JYES</option>
				</field>
				
				<field name="script_loading" type="list" default="deferred" label="PLG_SCREENREADER_SCRIPT_LOADING" description="PLG_SCREENREADER_SCRIPT_LOADING_DESC">
					<option value="deferred">PLG_SCREENREADER_SCRIPT_LOADING_DEFERRED</option>
					<option value="dom">PLG_SCREENREADER_SCRIPT_LOADING_DOM</option>
				</field>
				
				<field name="reset_button_behavior" type="list" default="fontsize" label="PLG_SCREENREADER_RESET_BUTTON_BEHAVIOR" description="PLG_SCREENREADER_RESET_BUTTON_BEHAVIOR_DESC">
					<option value="fontsize">PLG_SCREENREADER_RESET_BUTTON_BEHAVIOR_FONTSIZE</option>
					<option value="all">PLG_SCREENREADER_RESET_BUTTON_BEHAVIOR_ALL</option>
				</field>
				
				<field name="sef_lang_code" type="radio" default="1" layout="joomla.form.field.radio.switcher" label="PLG_SCREENREADER_SEF_LANG_CODE" description="PLG_SCREENREADER_SEF_LANG_CODE_DESC">
					<option value="0">JNO</option>
					<option value="1">JYES</option>
				</field>

				<field name="editor_xtd_button" type="radio" layout="joomla.form.field.radio.switcher" default="1" label="PLG_SCREENREADER_EDITOR_XTD_BUTTON" description="PLG_SCREENREADER_EDITOR_XTD_BUTTON_DESC">
					<option value="0">JNO</option>
					<option value="1">JYES</option>
				</field>
				<field name="screenreader_administration" type="radio" layout="joomla.form.field.radio.switcher" default="0" label="PLG_SCREENREADER_SCREENREADER_ADMINISTRATION" description="PLG_SCREENREADER_SCREENREADER_ADMINISTRATION_DESC">
					<option value="0">JNO</option>
					<option value="1">JYES</option>
				</field>
			</fieldset>
		</fields>
	</config>
	
	<!-- CHANGELOG -->
	<changelogurl>http://storejextensions.org/changelogs/screenreader.xml</changelogurl>
	
	<!-- UPDATE SERVERS -->
	<updateservers>
		<server type="extension" priority="1" name="Screen Reader Update Server">http://storejextensions.org/updates/screenreader_updater.xml</server>
	</updateservers>
</extension>